id,first_name,last_name,email,gender,ip_address
1,Melantha,Bowstead,mbowstead0@bloglines.com,Female,253.98.167.58
2,Morna,Biscomb,mbiscomb1@statcounter.com,Female,45.21.133.26
3,Flossy,Sowden,fsowden2@sbwire.com,Agender,20.40.244.166
4,Britni,Kharchinski,bkharchinski3@parallels.com,Female,172.95.199.80
5,Donny,Dawidowitz,ddawidowitz4@hc360.com,Male,117.170.159.104
6,Gizela,Stygall,gstygall5@oakley.com,Female,94.134.28.56
7,Herve,Pead,hpead6@bluehost.com,Male,45.74.89.115
8,Ruddie,Dominec,rdominec7@loc.gov,Agender,206.17.152.249
9,Boniface,Pre,bpre8@nbcnews.com,Male,119.81.232.214
10,Mavra,Redparth,mredparth9@dot.gov,Female,112.107.16.151
11,Alejandro,Halfhyde,ahalfhydea@squarespace.com,Male,107.249.105.220
12,Cherrita,Whitten,cwhittenb@addthis.com,Female,75.91.73.87
13,Gary,Evreux,gevreuxc@sogou.com,Male,152.94.57.186
14,Blanche,Castana,bcastanad@networksolutions.com,Female,87.178.3.46
15,Zaria,Di Filippo,zdifilippoe@issuu.com,Female,240.109.123.131
16,Genni,Middlebrook,gmiddlebrookf@guardian.co.uk,Female,136.115.188.156
17,Angil,Petteford,apettefordg@miibeian.gov.cn,Female,230.23.17.60
18,Lura,Blevin,lblevinh@foxnews.com,Female,222.149.13.201
19,Marven,Yatman,myatmani@google.com.au,Male,205.35.255.174
20,Roosevelt,Luquet,rluquetj@ca.gov,Male,216.222.188.64
21,Kariotta,Noblett,knoblettk@free.fr,Female,0.156.72.122
22,Lucy,Luckett,lluckettl@artisteer.com,Female,139.245.206.11
23,Ted,Soro,tsorom@mozilla.com,Female,12.4.79.168
24,Tore,Denidge,tdenidgen@hostgator.com,Male,69.53.130.166
25,Philip,Dundon,pdundono@wordpress.com,Male,107.81.201.218
26,Kayley,Seakin,kseakinp@ucoz.ru,Female,40.178.245.223
27,Astra,Trubshawe,atrubshaweq@people.com.cn,Polygender,45.181.223.22
28,Barde,McCrystal,bmccrystalr@odnoklassniki.ru,Male,8.37.196.82
29,Rene,Ropartz,rropartzs@statcounter.com,Male,183.38.138.121
30,Haley,Yoslowitz,hyoslowitzt@aol.com,Male,33.186.59.97
31,Stu,Lafrentz,slafrentzu@examiner.com,Male,73.124.46.196
32,Trude,Hackett,thackettv@phpbb.com,Female,85.127.203.25
33,Skye,Love,slovew@devhub.com,Non-binary,213.50.115.210
34,Vania,Hendonson,vhendonsonx@technorati.com,Female,14.50.16.133
35,Chet,Pothecary,cpothecaryy@google.pl,Male,80.212.21.21
36,Davidson,Fetteplace,dfetteplacez@stumbleupon.com,Male,198.6.252.188
37,Rafe,Milborn,rmilborn10@nature.com,Male,154.217.200.195
38,Milo,Josowitz,mjosowitz11@google.com.au,Male,236.199.55.74
39,Ericha,Inkpin,einkpin12@paypal.com,Female,115.255.69.248
40,Glori,Krolman,gkrolman13@unesco.org,Female,212.232.13.112
41,Phebe,Bernetti,pbernetti14@google.fr,Female,232.21.61.220
42,Ario,Guittet,aguittet15@naver.com,Male,90.97.205.174
43,Maiga,Sorey,msorey16@1und1.de,Female,200.219.80.74
44,Stearne,Bingall,sbingall17@aol.com,Genderqueer,206.173.29.72
45,Tommie,Schimann,tschimann18@biblegateway.com,Female,87.182.232.177
46,Alice,Muehle,amuehle19@hexun.com,Female,139.222.72.60
47,Katharina,Loughlan,kloughlan1a@squarespace.com,Genderfluid,53.241.165.124
48,Jeffrey,Tillerton,jtillerton1b@berkeley.edu,Male,4.228.109.97
49,Kathy,Callar,kcallar1c@twitter.com,Female,3.173.196.247
50,Harmony,McGinlay,hmcginlay1d@wordpress.org,Female,14.215.6.186
51,Davis,Ilyasov,dilyasov1e@purevolume.com,Male,231.25.228.128
52,Dani,Escudier,descudier1f@unesco.org,Male,115.51.212.126
53,Lindsy,Poxton,lpoxton1g@cnn.com,Female,62.114.201.13
54,Remington,Seccombe,rseccombe1h@prlog.org,Male,235.208.194.82
55,Dionysus,Sallows,dsallows1i@chronoengine.com,Male,50.148.216.128
56,Miranda,Bayman,mbayman1j@usatoday.com,Female,194.243.124.52
57,Myrlene,Tebbit,mtebbit1k@ebay.co.uk,Female,214.228.255.176
58,Lani,Gabler,lgabler1l@si.edu,Female,54.29.135.166
59,Adriano,Rowberry,arowberry1m@usa.gov,Male,222.143.68.30
60,Zed,Heaslip,zheaslip1n@e-recht24.de,Male,34.164.177.39
61,Sherilyn,Siviour,ssiviour1o@rediff.com,Bigender,150.6.29.13
62,Ban,Fletham,bfletham1p@cornell.edu,Male,37.8.193.71
63,Orv,Hamber,ohamber1q@cdc.gov,Male,143.202.79.130
64,Frasier,Hanning,fhanning1r@arstechnica.com,Male,201.116.22.217
65,Mortie,Hugonin,mhugonin1s@jalbum.net,Male,209.62.17.66
66,Laurette,Joret,ljoret1t@fc2.com,Female,123.189.63.95
67,Kyla,Van den Oord,kvandenoord1u@pinterest.com,Female,167.113.223.242
68,Quintus,Sommerscales,qsommerscales1v@opensource.org,Male,198.247.17.7
69,Hy,Kenion,hkenion1w@timesonline.co.uk,Male,251.241.191.192
70,Meir,Franzonetti,mfranzonetti1x@sakura.ne.jp,Male,42.11.145.43
71,Merola,Georgot,mgeorgot1y@ucoz.com,Female,95.194.23.96
72,Laetitia,Gerding,lgerding1z@google.de,Female,200.72.215.36
73,Willem,Keyho,wkeyho20@springer.com,Male,153.62.94.59
74,Alex,Eacott,aeacott21@yahoo.com,Non-binary,163.252.230.40
75,Janna,Allcott,jallcott22@hao123.com,Female,152.232.207.56
76,Winny,Froggatt,wfroggatt23@gizmodo.com,Genderqueer,164.91.209.189
77,Hale,Primarolo,hprimarolo24@tamu.edu,Male,152.111.153.222
78,Truda,Shearman,tshearman25@163.com,Agender,147.225.70.52
79,Ave,McIlenna,amcilenna26@earthlink.net,Male,168.97.112.203
80,Jess,Battabee,jbattabee27@over-blog.com,Male,99.206.179.55
81,Hussein,Meddemmen,hmeddemmen28@mysql.com,Male,222.54.171.210
82,Jere,Goldsmith,jgoldsmith29@simplemachines.org,Female,218.77.57.149
83,Benton,Morrissey,bmorrissey2a@mapquest.com,Non-binary,15.153.218.1
84,Ardelia,Van Brug,avanbrug2b@uol.com.br,Polygender,154.196.74.75
85,Gustav,Hellings,ghellings2c@statcounter.com,Male,251.49.59.144
86,Kym,Tofanelli,ktofanelli2d@sciencedaily.com,Female,125.217.200.232
87,Bentlee,Skyme,bskyme2e@tmall.com,Male,17.242.105.14
88,Baird,MacDiarmond,bmacdiarmond2f@nature.com,Male,186.48.34.216
89,Marthe,Crayker,mcrayker2g@nature.com,Bigender,174.89.193.96
90,Ariella,Winkless,awinkless2h@vistaprint.com,Female,211.163.164.78
91,Aggy,Klejin,aklejin2i@slate.com,Female,220.107.59.118
92,Lari,Boother,lboother2j@ow.ly,Female,181.118.12.159
93,Donielle,Duffill,dduffill2k@ameblo.jp,Female,32.47.235.144
94,Mitchell,Retter,mretter2l@gov.uk,Genderfluid,146.80.252.138
95,Haydon,Sine,hsine2m@soup.io,Male,135.169.67.228
96,Godard,Shoutt,gshoutt2n@addthis.com,Male,10.151.56.122
97,Wallie,Bromilow,wbromilow2o@amazon.com,Male,140.35.98.169
98,Sander,Pirozzi,spirozzi2p@latimes.com,Male,133.228.17.24
99,Aleksandr,Coate,acoate2q@nih.gov,Male,198.224.116.252
100,Parke,Poundford,ppoundford2r@wikimedia.org,Male,32.178.55.144
101,Dominick,Josey,djosey2s@archive.org,Male,184.75.196.180
102,Korry,O'Bradane,kobradane2t@nyu.edu,Female,0.111.82.218
103,Garland,Shotton,gshotton2u@statcounter.com,Female,25.46.135.221
104,Harlin,Bockman,hbockman2v@washingtonpost.com,Male,76.19.213.22
105,Peyter,Thurlby,pthurlby2w@posterous.com,Male,247.106.223.47
106,Urbanus,Gallie,ugallie2x@purevolume.com,Male,40.19.216.117
107,Salomi,Iannitti,siannitti2y@people.com.cn,Female,181.241.6.103
108,Regine,Brende,rbrende2z@sun.com,Female,189.252.182.255
109,Fletcher,Silvester,fsilvester30@nbcnews.com,Male,214.93.164.117
110,Brandy,Rainbird,brainbird31@t-online.de,Male,163.174.226.30
111,Jilli,Briskey,jbriskey32@jimdo.com,Female,107.216.20.154
112,Adamo,Waiting,awaiting33@reuters.com,Male,56.136.206.227
113,Saidee,Denidge,sdenidge34@ovh.net,Female,130.178.30.136
114,Hedwiga,Fowles,hfowles35@wikispaces.com,Female,221.184.105.124
115,Martino,Piotrkowski,mpiotrkowski36@goo.gl,Genderfluid,33.104.125.18
116,Thibaud,Duigan,tduigan37@symantec.com,Male,198.207.1.195
117,Reidar,Standell,rstandell38@mac.com,Non-binary,202.201.135.67
118,Pavlov,Sales,psales39@elegantthemes.com,Male,145.154.195.54
119,Roderic,Cotillard,rcotillard3a@fastcompany.com,Male,90.114.39.46
120,Ware,Bevens,wbevens3b@networksolutions.com,Male,55.102.186.166
121,Jana,Trowle,jtrowle3c@yellowbook.com,Female,112.225.222.84
122,Tiffy,Jain,tjain3d@cbc.ca,Female,162.188.101.88
123,Winnifred,Hutley,whutley3e@java.com,Female,3.19.66.168
124,Ansel,Troubridge,atroubridge3f@mayoclinic.com,Male,167.121.150.181
125,Elnar,MacCall,emaccall3g@123-reg.co.uk,Male,148.163.67.223
126,Denver,Pietri,dpietri3h@bloomberg.com,Male,153.57.39.68
127,Sid,Brusby,sbrusby3i@mediafire.com,Male,10.121.185.141
128,Alexander,Hargreves,ahargreves3j@tinyurl.com,Male,95.124.159.71
129,Janeva,Vidler,jvidler3k@mlb.com,Female,97.176.239.98
130,Silvanus,Cartledge,scartledge3l@dedecms.com,Male,173.15.234.135
131,Yelena,Curneen,ycurneen3m@woothemes.com,Female,174.6.219.44
132,Nat,Gregan,ngregan3n@skype.com,Male,222.251.7.187
133,Genna,Tift,gtift3o@mayoclinic.com,Female,122.251.111.43
134,Ira,Tuft,ituft3p@simplemachines.org,Female,252.53.213.255
135,Ame,Le Provest,aleprovest3q@youtube.com,Female,227.38.30.198
136,Cordie,Chadburn,cchadburn3r@so-net.ne.jp,Male,144.250.213.80
137,Sisely,Burder,sburder3s@kickstarter.com,Female,50.122.101.189
138,Marten,Halm,mhalm3t@usgs.gov,Male,97.129.185.201
139,Reid,Timbridge,rtimbridge3u@hp.com,Male,121.107.152.182
140,Roselin,Reary,rreary3v@npr.org,Female,206.147.167.173
141,Skell,Mish,smish3w@amazon.co.jp,Male,209.72.78.172
142,Jeffry,Dodamead,jdodamead3x@blog.com,Male,87.15.154.219
143,Grethel,Heasley,gheasley3y@i2i.jp,Female,158.28.91.151
144,Jackie,Christoforou,jchristoforou3z@uiuc.edu,Female,213.126.85.81
145,Virgina,Riddiough,vriddiough40@liveinternet.ru,Female,83.224.29.165
146,Luis,Hallyburton,lhallyburton41@youtube.com,Male,152.253.229.179
147,Mora,Szimon,mszimon42@plala.or.jp,Female,219.78.56.80
148,Kurt,Stait,kstait43@de.vu,Male,150.40.42.198
149,Sutherland,Rudderham,srudderham44@php.net,Male,205.114.114.0
150,Tresa,Kimpton,tkimpton45@dailymotion.com,Female,128.243.89.5
151,Melessa,Benes,mbenes46@linkedin.com,Female,68.75.223.19
152,Augustine,Inge,ainge47@discovery.com,Female,100.151.224.231
153,Amber,Tunno,atunno48@istockphoto.com,Female,42.210.131.87
154,Brittni,Moorhead,bmoorhead49@gnu.org,Female,139.185.243.51
155,Ashien,Ponte,aponte4a@ebay.com,Female,189.226.196.46
156,Tammara,Twentyman,ttwentyman4b@163.com,Female,13.117.246.170
157,Dotti,Moxley,dmoxley4c@artisteer.com,Female,197.220.103.41
158,Tabby,Bowyer,tbowyer4d@moonfruit.com,Female,218.243.209.167
159,Clara,Asel,casel4e@usa.gov,Polygender,205.66.46.44
160,Karlie,Surmeir,ksurmeir4f@mit.edu,Female,29.112.6.10
161,Mischa,Cordingly,mcordingly4g@homestead.com,Genderqueer,30.109.78.134
162,Francisca,Sims,fsims4h@vk.com,Female,208.15.240.165
163,Marijn,Inkpin,minkpin4i@google.nl,Male,37.46.139.246
164,Ford,Stokey,fstokey4j@hexun.com,Male,182.229.158.85
165,Babb,Strettell,bstrettell4k@fastcompany.com,Female,255.96.233.148
166,Ruthann,Lindenbluth,rlindenbluth4l@about.me,Female,160.202.103.213
167,Perrine,Cammiemile,pcammiemile4m@vinaora.com,Female,236.104.174.230
168,Ruggiero,Bartolini,rbartolini4n@webs.com,Male,145.160.109.5
169,Pablo,Bilsborrow,pbilsborrow4o@weibo.com,Male,64.233.143.41
170,Jodi,LLelweln,jllelweln4p@globo.com,Male,84.15.147.132
171,Reba,Gabbitus,rgabbitus4q@gnu.org,Female,141.201.12.156
172,Wilburt,Tuck,wtuck4r@wisc.edu,Male,114.225.102.166
173,Norrie,Rumke,nrumke4s@biglobe.ne.jp,Female,51.162.68.67
174,Scot,Rosser,srosser4t@princeton.edu,Male,208.173.203.229
175,Wenonah,Lewry,wlewry4u@facebook.com,Female,168.255.122.63
176,Brigid,Seadon,bseadon4v@furl.net,Female,32.80.48.175
177,Lilah,Orpin,lorpin4w@joomla.org,Female,243.245.234.78
178,Brander,Runchman,brunchman4x@sogou.com,Male,220.29.149.174
179,Renell,Verity,rverity4y@weibo.com,Female,227.71.190.227
180,Angelia,O'Currane,aocurrane4z@sun.com,Female,37.228.133.36
181,Torre,Devorill,tdevorill50@nationalgeographic.com,Polygender,70.245.209.73
182,Gerik,Hacket,ghacket51@cyberchimps.com,Male,74.76.239.39
183,Cobby,Grishanin,cgrishanin52@scientificamerican.com,Male,69.133.203.84
184,Wini,Giocannoni,wgiocannoni53@wisc.edu,Female,190.203.154.140
185,Leilah,Barstow,lbarstow54@wiley.com,Female,72.206.99.54
186,Sloane,Jersch,sjersch55@sourceforge.net,Male,171.113.64.48
187,Bessy,Humphrey,bhumphrey56@adobe.com,Female,254.132.191.254
188,Raff,Janczak,rjanczak57@godaddy.com,Male,74.246.192.78
189,Alayne,Gittens,agittens58@tiny.cc,Genderfluid,56.244.138.42
190,Theodor,Cantle,tcantle59@columbia.edu,Male,213.209.235.66
191,Padget,Swainston,pswainston5a@shareasale.com,Male,191.31.132.134
192,Janifer,Bresnahan,jbresnahan5b@cdbaby.com,Female,203.21.242.170
193,Jacky,Flageul,jflageul5c@so-net.ne.jp,Male,144.76.112.231
194,Gnni,Molnar,gmolnar5d@live.com,Bigender,221.226.18.239
195,Helga,Rockwell,hrockwell5e@wikipedia.org,Female,204.137.29.240
196,Whitby,Brayley,wbrayley5f@cnbc.com,Male,145.125.194.82
197,Bibi,Lackmann,blackmann5g@joomla.org,Female,57.147.80.239
198,Daphne,Seamen,dseamen5h@blogtalkradio.com,Female,250.235.145.119
199,Riccardo,Cosgreave,rcosgreave5i@buzzfeed.com,Male,174.153.16.44
200,Dwain,Woolsey,dwoolsey5j@cnet.com,Male,234.23.178.21
201,Falkner,Sargent,fsargent5k@nydailynews.com,Male,114.248.193.34
202,Brigit,Crosse,bcrosse5l@wikia.com,Female,144.86.241.110
203,Vincents,Merry,vmerry5m@angelfire.com,Male,174.167.79.218
204,Melvin,Ferro,mferro5n@pcworld.com,Male,142.17.47.30
205,Leanora,Hekkert,lhekkert5o@issuu.com,Female,106.200.67.66
206,Giulietta,Mapletoft,gmapletoft5p@exblog.jp,Female,201.226.9.104
207,Bellanca,Este,beste5q@1688.com,Female,192.34.58.165
208,Rhoda,Howlin,rhowlin5r@nasa.gov,Female,76.19.59.92
209,Ida,Perez,iperez5s@webeden.co.uk,Female,59.119.244.97
210,Yankee,Sidgwick,ysidgwick5t@webnode.com,Male,209.57.168.247
211,Hestia,Jacobsson,hjacobsson5u@accuweather.com,Female,30.242.251.31
212,Jeannine,Norbury,jnorbury5v@merriam-webster.com,Female,147.155.209.207
213,Whitman,Kimberley,wkimberley5w@behance.net,Male,38.185.137.241
214,Diana,Bea,dbea5x@usatoday.com,Female,62.179.146.229
215,Eldin,Seif,eseif5y@ftc.gov,Male,78.152.102.227
216,Noel,Harg,nharg5z@yolasite.com,Female,196.210.158.133
217,Darelle,Signoret,dsignoret60@cdc.gov,Female,14.42.192.160
218,Amelina,Daldry,adaldry61@ask.com,Female,231.48.4.26
219,Taber,Eveque,teveque62@berkeley.edu,Male,224.139.132.223
220,Laurent,Schoenleiter,lschoenleiter63@unicef.org,Male,131.14.18.241
221,Wyndham,Galvan,wgalvan64@mail.ru,Male,54.80.205.237
222,Alistair,Exon,aexon65@uiuc.edu,Male,23.6.221.219
223,Rabi,Dooler,rdooler66@cdc.gov,Male,141.144.23.142
224,Amalee,Reade,areade67@pcworld.com,Female,68.53.213.69
225,Leslie,Othick,lothick68@google.co.uk,Male,87.139.163.45
226,Kermy,Bestall,kbestall69@examiner.com,Male,92.144.34.25
227,Norton,Denzilow,ndenzilow6a@usgs.gov,Male,154.38.83.230
228,Frasier,Breinlein,fbreinlein6b@biblegateway.com,Male,143.27.250.198
229,Glenna,Bumby,gbumby6c@alexa.com,Genderfluid,168.157.109.101
230,Lenci,Ipsgrave,lipsgrave6d@harvard.edu,Male,245.248.141.214
231,Dynah,Everley,deverley6e@sitemeter.com,Female,36.69.222.20
232,Collen,Dwyer,cdwyer6f@privacy.gov.au,Female,206.81.81.95
233,Viola,Jansik,vjansik6g@salon.com,Female,245.189.205.122
234,Garrett,Comben,gcomben6h@flickr.com,Male,218.214.94.14
235,Lucila,Balmforth,lbalmforth6i@sfgate.com,Female,27.215.10.194
236,Ulysses,Abramof,uabramof6j@dailymotion.com,Male,103.59.240.220
237,Theobald,McCrea,tmccrea6k@is.gd,Male,219.145.204.54
238,Lane,McDool,lmcdool6l@boston.com,Female,164.151.136.199
239,Marco,Lockery,mlockery6m@over-blog.com,Male,175.254.93.34
240,Pavlov,Mushett,pmushett6n@odnoklassniki.ru,Male,74.47.11.237
241,Jaimie,Bissell,jbissell6o@friendfeed.com,Female,185.254.75.170
242,Derward,Johnsson,djohnsson6p@ca.gov,Male,23.99.174.52
243,Pattin,Gallaher,pgallaher6q@blogspot.com,Male,44.61.117.26
244,Lyndsey,Braisher,lbraisher6r@wikia.com,Female,246.161.0.68
245,Tamas,Cogan,tcogan6s@goodreads.com,Male,219.129.83.7
246,Robinet,Kleinbaum,rkleinbaum6t@google.ca,Male,69.244.105.110
247,Aura,Rudeyeard,arudeyeard6u@discovery.com,Female,135.216.144.117
248,Eldridge,Lucus,elucus6v@dion.ne.jp,Male,221.206.193.193
249,Fara,Risson,frisson6w@scribd.com,Female,124.158.128.117
250,Roobbie,Dimitrov,rdimitrov6x@disqus.com,Female,98.156.127.23
251,Lacie,Greatex,lgreatex6y@sakura.ne.jp,Female,3.60.197.117
252,Crin,Ingliss,cingliss6z@tripod.com,Female,124.18.71.44
253,Kristan,Naper,knaper70@miibeian.gov.cn,Female,104.187.66.201
254,Kareem,Vinson,kvinson71@microsoft.com,Male,140.81.99.243
255,Adelbert,Massimi,amassimi72@youtu.be,Male,241.103.230.242
256,Abram,Troy,atroy73@last.fm,Male,179.116.230.66
257,Jefferson,Stening,jstening74@nymag.com,Male,223.233.172.234
258,Clayson,Schruyer,cschruyer75@tuttocitta.it,Male,213.206.72.22
259,Junie,Alti,jalti76@lycos.com,Female,236.243.110.79
260,Genni,Downes,gdownes77@nba.com,Female,6.239.228.24
261,Tova,Boscott,tboscott78@so-net.ne.jp,Female,110.82.108.4
262,Georas,McGaffey,gmcgaffey79@eepurl.com,Male,8.9.50.253
263,Salome,Toynbee,stoynbee7a@cdc.gov,Female,202.139.222.186
264,Mayer,Reiner,mreiner7b@github.io,Male,86.137.238.252
265,Theadora,Eckery,teckery7c@hc360.com,Female,135.152.235.240
266,Marys,Chevins,mchevins7d@weather.com,Female,137.249.161.9
267,Desi,Watts,dwatts7e@engadget.com,Male,24.191.109.208
268,Giff,Orrin,gorrin7f@webnode.com,Male,247.185.142.80
269,Margette,Sabben,msabben7g@yellowbook.com,Female,252.145.208.168
270,Gran,Drinkale,gdrinkale7h@bandcamp.com,Male,239.146.248.20
271,Hiram,Gelsthorpe,hgelsthorpe7i@google.ru,Male,229.194.109.176
272,Gennifer,Hullock,ghullock7j@geocities.com,Female,109.139.228.219
273,Sharai,Annott,sannott7k@washington.edu,Female,100.187.227.176
274,Braden,Spelman,bspelman7l@elegantthemes.com,Male,37.108.142.104
275,Dolly,Roubeix,droubeix7m@free.fr,Female,63.187.101.108
276,Kermit,Simonou,ksimonou7n@ezinearticles.com,Male,237.193.163.9
277,Uri,Divill,udivill7o@ezinearticles.com,Male,147.180.34.163
278,Rubina,Artindale,rartindale7p@parallels.com,Female,62.195.192.200
279,Lauraine,Risely,lrisely7q@blinklist.com,Female,195.170.153.6
280,Cybil,Mateja,cmateja7r@about.com,Female,0.11.183.57
281,Gloria,Sterrie,gsterrie7s@altervista.org,Female,145.143.64.3
282,Bronson,Durman,bdurman7t@booking.com,Male,138.141.66.188
283,Trumann,Mosen,tmosen7u@fda.gov,Male,16.62.215.196
284,Clotilda,Roydon,croydon7v@statcounter.com,Female,234.159.4.10
285,Hermann,Leamon,hleamon7w@cpanel.net,Male,127.92.90.96
286,Egor,Foresight,eforesight7x@quantcast.com,Male,49.21.91.128
287,Kristos,Howells,khowells7y@vk.com,Male,252.29.150.121
288,Carroll,Comben,ccomben7z@cbc.ca,Male,191.143.172.17
289,Raf,Lere,rlere80@squidoo.com,Female,224.77.224.64
290,Lacie,Gandrich,lgandrich81@reddit.com,Female,234.26.223.192
291,Fairleigh,Burdett,fburdett82@icq.com,Male,207.217.176.189
292,Chiarra,Levison,clevison83@chicagotribune.com,Female,134.101.32.150
293,Anissa,Victor,avictor84@blog.com,Agender,154.156.1.28
294,Rhiamon,Waylen,rwaylen85@blogger.com,Female,109.8.217.168
295,Jillane,Fuzzard,jfuzzard86@prlog.org,Non-binary,252.120.95.182
296,Marilin,Shephard,mshephard87@cocolog-nifty.com,Female,189.241.150.103
297,Maris,Meardon,mmeardon88@google.co.uk,Female,165.238.180.183
298,Coral,Van Rembrandt,cvanrembrandt89@admin.ch,Female,250.196.56.185
299,Hashim,Collimore,hcollimore8a@msu.edu,Male,213.65.128.68
300,Edsel,Spatig,espatig8b@mediafire.com,Male,43.109.126.234
301,Francoise,Durno,fdurno8c@w3.org,Female,76.17.17.90
302,Emerson,Marvin,emarvin8d@google.co.jp,Male,153.97.4.85
303,Isak,Blasgen,iblasgen8e@wix.com,Male,247.136.69.235
304,Lalo,Brazier,lbrazier8f@nbcnews.com,Male,183.0.178.208
305,Raleigh,Stonebanks,rstonebanks8g@google.es,Male,180.210.225.154
306,Tybie,Jecock,tjecock8h@cocolog-nifty.com,Female,115.209.234.214
307,Scarlett,Pegram,spegram8i@harvard.edu,Female,214.238.77.36
308,Ernestine,Naylor,enaylor8j@bing.com,Female,53.204.18.54
309,Tripp,Park,tpark8k@topsy.com,Male,37.114.138.105
310,Nappie,Beddoe,nbeddoe8l@prlog.org,Male,17.64.119.48
311,Roberta,Sprouls,rsprouls8m@miitbeian.gov.cn,Female,129.142.137.27
312,Quentin,Skellern,qskellern8n@mapquest.com,Male,159.229.97.33
313,Vinni,Frisch,vfrisch8o@techcrunch.com,Female,138.196.58.98
314,Clem,Torricina,ctorricina8p@printfriendly.com,Genderqueer,72.164.91.153
315,Maurizio,Whittuck,mwhittuck8q@hao123.com,Male,103.13.146.116
316,Noelani,Story,nstory8r@issuu.com,Female,125.133.238.18
317,Chloette,Eastwood,ceastwood8s@devhub.com,Female,173.216.168.249
318,Mallissa,Sunley,msunley8t@stumbleupon.com,Female,231.87.106.15
319,Briana,Cogman,bcogman8u@nytimes.com,Female,37.219.143.145
320,Stu,Ridding,sridding8v@msu.edu,Male,156.234.180.245
321,Ortensia,Knipe,oknipe8w@arizona.edu,Female,42.8.235.169
322,Warden,Quaintance,wquaintance8x@free.fr,Male,239.25.20.251
323,Patrizius,Stedson,pstedson8y@princeton.edu,Male,48.196.55.137
324,Noella,Diver,ndiver8z@privacy.gov.au,Female,205.171.85.2
325,Thain,Paullin,tpaullin90@shop-pro.jp,Genderqueer,165.214.111.101
326,Kirby,Hawlgarth,khawlgarth91@soundcloud.com,Male,155.95.224.128
327,Ettore,Delacote,edelacote92@nydailynews.com,Male,80.36.26.102
328,Colene,Lippatt,clippatt93@guardian.co.uk,Female,110.149.61.168
329,Gerry,De Nisco,gdenisco94@vinaora.com,Female,248.14.244.104
330,Meagan,Ribbens,mribbens95@artisteer.com,Female,240.236.169.34
331,Rutherford,Reith,rreith96@go.com,Male,88.52.120.53
332,Alisun,Yukhnini,ayukhnini97@google.de,Female,52.102.47.230
333,Damien,Riccardelli,driccardelli98@stanford.edu,Male,44.218.170.227
334,Farrell,Belvard,fbelvard99@ameblo.jp,Male,169.27.47.188
335,Elston,Gecks,egecks9a@google.es,Male,214.14.195.23
336,Budd,Bromley,bbromley9b@squarespace.com,Male,176.121.79.73
337,Rozanne,Colloby,rcolloby9c@omniture.com,Female,248.8.10.67
338,Wesley,Calrow,wcalrow9d@fema.gov,Male,155.199.131.228
339,Nessy,Gomme,ngomme9e@ow.ly,Agender,175.81.172.136
340,Mercedes,Lithcow,mlithcow9f@cnet.com,Genderfluid,245.213.42.20
341,Marv,McAvaddy,mmcavaddy9g@ftc.gov,Male,74.4.233.58
342,Hedda,Jukes,hjukes9h@joomla.org,Female,30.63.186.172
343,Arri,Seeney,aseeney9i@comsenz.com,Male,199.35.148.91
344,Arin,Behn,abehn9j@economist.com,Male,106.70.242.207
345,Hewe,Zuker,hzuker9k@posterous.com,Male,193.205.38.238
346,Eldridge,Payze,epayze9l@engadget.com,Male,209.132.69.70
347,Rog,Ledstone,rledstone9m@skype.com,Male,220.2.232.232
348,Elvis,Jiles,ejiles9n@usnews.com,Genderqueer,176.147.255.29
349,Reynard,Winterborne,rwinterborne9o@skype.com,Male,147.79.166.223
350,Edith,Tourville,etourville9p@uol.com.br,Non-binary,248.47.29.203
351,Prescott,Jakucewicz,pjakucewicz9q@nyu.edu,Male,148.27.76.138
352,Paco,McAughtrie,pmcaughtrie9r@list-manage.com,Male,139.116.27.121
353,Buckie,Grolle,bgrolle9s@reddit.com,Male,118.213.101.70
354,Selinda,Earles,searles9t@bizjournals.com,Female,0.164.59.25
355,Lyssa,Helin,lhelin9u@ibm.com,Female,70.77.70.32
356,Ripley,Armstead,rarmstead9v@sun.com,Polygender,154.176.26.82
357,Corly,Corcoran,ccorcoran9w@t.co,Female,20.147.68.103
358,Cherilyn,Mayer,cmayer9x@cbslocal.com,Female,3.95.108.164
359,Kellina,Proudlove,kproudlove9y@hatena.ne.jp,Female,48.187.238.67
360,Claudelle,Lindfors,clindfors9z@github.com,Female,121.149.198.169
361,Hillard,Pendlebury,hpendleburya0@nasa.gov,Male,67.59.62.107
362,Giovanna,Merredy,gmerredya1@amazon.co.uk,Female,79.23.176.153
363,Gregoire,Endean,gendeana2@indiegogo.com,Genderfluid,165.89.215.109
364,Chelsie,Gludor,cgludora3@timesonline.co.uk,Female,197.189.2.159
365,Buck,Wroth,bwrotha4@sourceforge.net,Male,225.10.181.252
366,Minne,Czapla,mczaplaa5@oaic.gov.au,Female,82.222.100.239
367,Tammara,Dawidsohn,tdawidsohna6@arizona.edu,Female,161.210.172.104
368,Marti,Baird,mbairda7@merriam-webster.com,Female,27.46.136.2
369,Danny,Symondson,dsymondsona8@digg.com,Male,250.68.147.245
370,Dill,Gregorace,dgregoracea9@pen.io,Male,88.254.190.123
371,Lancelot,Batrim,lbatrimaa@oaic.gov.au,Male,198.81.208.111
372,Bradley,Munning,bmunningab@skyrock.com,Male,165.49.30.92
373,Orelie,Kesteven,okestevenac@yelp.com,Female,131.115.103.207
374,Kai,Frounks,kfrounksad@cbsnews.com,Female,175.22.41.102
375,Kim,Pentercost,kpentercostae@edublogs.org,Male,169.135.12.138
376,Melodie,Sumsion,msumsionaf@unicef.org,Female,163.188.242.134
377,Elwira,Wisson,ewissonag@icio.us,Female,195.77.41.181
378,Markos,Durtnal,mdurtnalah@bloglines.com,Male,20.222.108.67
379,Isabeau,Birtonshaw,ibirtonshawai@gravatar.com,Female,242.187.168.151
380,Van,Levensky,vlevenskyaj@homestead.com,Female,242.172.91.182
381,Wade,Donson,wdonsonak@drupal.org,Male,129.244.45.229
382,Masha,Giannoni,mgiannonial@ifeng.com,Female,212.116.154.22
383,Sanderson,Faye,sfayeam@nbcnews.com,Male,158.40.14.255
384,Jolee,Wiles,jwilesan@addtoany.com,Female,52.3.166.163
385,Tobias,De Beneditti,tdebenedittiao@hugedomains.com,Male,94.65.222.202
386,Norma,Walas,nwalasap@slideshare.net,Female,122.200.67.103
387,Hailey,Habershon,hhabershonaq@over-blog.com,Male,174.0.147.49
388,Palmer,Henrych,phenrychar@buzzfeed.com,Male,115.220.72.123
389,Darbie,Cheston,dchestonas@yandex.ru,Female,149.170.18.176
390,Wheeler,Yare,wyareat@economist.com,Male,173.195.169.55
391,Nydia,Alexandrou,nalexandrouau@jugem.jp,Female,96.37.63.95
392,Gerhard,Feaks,gfeaksav@google.de,Male,233.102.200.8
393,Pavia,Jackling,pjacklingaw@bravesites.com,Female,239.127.110.19
394,Bink,Gaymer,bgaymerax@buzzfeed.com,Male,116.245.116.215
395,Dallas,Louisot,dlouisotay@latimes.com,Female,62.225.73.222
396,Torin,Origin,toriginaz@google.nl,Male,66.194.208.145
397,Chrissie,Prince,cprinceb0@ehow.com,Female,70.115.133.43
398,Caroline,Springtorpe,cspringtorpeb1@ihg.com,Female,80.56.70.243
399,Wheeler,Atto,wattob2@guardian.co.uk,Male,50.163.164.251
400,Anstice,Cumberpatch,acumberpatchb3@woothemes.com,Female,236.84.155.118
401,Suellen,Heasley,sheasleyb4@ustream.tv,Female,96.179.177.219
402,Harriott,Denziloe,hdenziloeb5@behance.net,Female,37.145.105.226
403,Nyssa,Humbles,nhumblesb6@wikimedia.org,Bigender,113.183.172.48
404,Emanuel,Dike,edikeb7@cyberchimps.com,Polygender,214.83.135.72
405,Brigg,Creffeild,bcreffeildb8@accuweather.com,Male,75.34.103.90
406,Nappie,Cogswell,ncogswellb9@cbc.ca,Male,104.236.213.118
407,Rosamond,Minard,rminardba@sourceforge.net,Female,84.113.3.1
408,Stillmann,Dimic,sdimicbb@nhs.uk,Male,41.93.49.129
409,Ophelia,Commuzzo,ocommuzzobc@bandcamp.com,Female,241.0.224.213
410,Philippa,Lardeur,plardeurbd@unc.edu,Female,235.164.35.172
411,Crawford,Kearns,ckearnsbe@miitbeian.gov.cn,Male,114.130.113.152
412,Paco,Ewing,pewingbf@upenn.edu,Male,192.48.90.155
413,Elvin,Kenward,ekenwardbg@sohu.com,Male,148.87.204.74
414,Juieta,Vowdon,jvowdonbh@state.gov,Genderfluid,183.183.40.16
415,Estrellita,Leithgoe,eleithgoebi@bizjournals.com,Non-binary,15.239.41.22
416,Winfred,Duligall,wduligallbj@chronoengine.com,Male,215.238.255.55
417,Bartholomeus,Schulz,bschulzbk@mlb.com,Male,156.98.66.176
418,Lin,Frape,lfrapebl@woothemes.com,Male,116.134.87.51
419,Grant,Kubes,gkubesbm@bluehost.com,Male,107.171.32.228
420,Porter,Rosentholer,prosentholerbn@51.la,Male,37.231.189.173
421,Robbyn,Louys,rlouysbo@engadget.com,Female,208.253.75.52
422,Allard,Aubin,aaubinbp@lycos.com,Genderfluid,99.151.237.11
423,Fianna,Mullenger,fmullengerbq@netvibes.com,Genderqueer,39.80.152.85
424,Alejandro,Coote,acootebr@nyu.edu,Male,189.101.57.114
425,Katherina,Rosoman,krosomanbs@amazonaws.com,Female,116.117.239.223
426,Leonelle,Scollan,lscollanbt@loc.gov,Female,184.7.107.155
427,Tommie,Garahan,tgarahanbu@blogger.com,Male,250.237.90.201
428,Theodoric,McAlister,tmcalisterbv@so-net.ne.jp,Male,27.88.42.122
429,Daren,Groven,dgrovenbw@livejournal.com,Bigender,94.158.91.15
430,Blondell,Symones,bsymonesbx@indiegogo.com,Female,69.95.50.170
431,Olly,Beecraft,obeecraftby@free.fr,Male,98.134.80.235
432,Avrom,Mance,amancebz@ow.ly,Male,198.199.236.106
433,Tabbatha,Freyn,tfreync0@gizmodo.com,Female,122.171.201.13
434,Bearnard,Hardacre,bhardacrec1@slideshare.net,Male,48.23.56.183
435,Ricki,Gammill,rgammillc2@youtu.be,Female,161.56.247.235
436,Phip,Joyes,pjoyesc3@deliciousdays.com,Male,44.197.29.225
437,De,Scholcroft,dscholcroftc4@redcross.org,Female,232.192.77.152
438,Isidora,Dyte,idytec5@twitter.com,Female,94.69.119.219
439,Amaleta,Tedman,atedmanc6@google.it,Female,236.141.172.122
440,Annecorinne,Peers,apeersc7@ustream.tv,Female,182.58.204.100
441,Patrizio,Shera,psherac8@prweb.com,Male,112.67.86.4
442,Burtie,Korlat,bkorlatc9@webeden.co.uk,Male,94.186.43.121
443,Filippa,Gealy,fgealyca@live.com,Female,78.253.171.89
444,Ardella,Buddles,abuddlescb@de.vu,Female,126.3.76.136
445,Griswold,Hritzko,ghritzkocc@networksolutions.com,Male,115.118.48.126
446,Dasie,Murthwaite,dmurthwaitecd@howstuffworks.com,Female,248.252.166.204
447,Brigitte,Brettelle,bbrettellece@adobe.com,Female,219.195.194.172
448,Morly,McVeigh,mmcveighcf@webmd.com,Male,212.173.73.168
449,Bailie,Brodbin,bbrodbincg@homestead.com,Male,244.178.197.123
450,Estrella,Blitzer,eblitzerch@ebay.com,Agender,113.113.150.79
451,Virgie,Fallawe,vfallaweci@altervista.org,Male,142.51.27.162
452,Vonny,Danelet,vdaneletcj@abc.net.au,Female,46.218.129.79
453,Sapphire,Collecott,scollecottck@biblegateway.com,Female,123.104.94.6
454,Violet,Leadley,vleadleycl@about.me,Female,167.218.158.93
455,Dionne,Tolmie,dtolmiecm@google.co.jp,Female,13.99.109.89
456,Hagan,MacCrann,hmaccranncn@zdnet.com,Polygender,236.154.56.201
457,Haley,Whitehorn,hwhitehornco@reddit.com,Female,239.160.72.152
458,Lyn,Glassford,lglassfordcp@slate.com,Female,233.7.210.151
459,Eden,O'Neal,eonealcq@eepurl.com,Female,46.182.52.116
460,Ariadne,Deener,adeenercr@typepad.com,Female,197.222.48.5
461,Welby,Wardell,wwardellcs@vimeo.com,Male,132.36.247.202
462,Blinni,Dobrovolny,bdobrovolnyct@edublogs.org,Bigender,142.102.54.13
463,Adrianne,Dobbison,adobbisoncu@nps.gov,Female,4.57.45.98
464,Felicity,Duxbury,fduxburycv@wikipedia.org,Female,214.84.98.237
465,Rock,Tabbernor,rtabbernorcw@army.mil,Male,100.206.229.184
466,Katharina,Lorkings,klorkingscx@auda.org.au,Female,72.8.67.49
467,Tiler,Nequest,tnequestcy@ftc.gov,Male,104.205.229.31
468,Brittni,Courtonne,bcourtonnecz@freewebs.com,Female,227.94.41.205
469,Artur,Duetsche,aduetsched0@eepurl.com,Male,16.201.177.247
470,Marion,Aysh,mayshd1@digg.com,Male,126.194.57.218
471,Verney,Nolleth,vnollethd2@sogou.com,Male,109.215.231.90
472,Carleen,Roycraft,croycraftd3@jugem.jp,Female,71.7.79.108
473,Valry,Purselow,vpurselowd4@illinois.edu,Female,68.246.119.109
474,Kerstin,Flipsen,kflipsend5@list-manage.com,Female,1.100.49.128
475,Friederike,Raffan,fraffand6@cnn.com,Female,218.12.48.67
476,Yelena,Ambrogetti,yambrogettid7@woothemes.com,Female,231.187.37.16
477,Katy,Seelbach,kseelbachd8@princeton.edu,Female,98.122.57.84
478,Beau,Sharer,bsharerd9@amazon.de,Male,43.128.98.230
479,Aubrey,McDirmid,amcdirmidda@mysql.com,Male,59.11.182.64
480,Netta,Ladell,nladelldb@clickbank.net,Female,48.89.238.167
481,Cosimo,Cullinan,ccullinandc@noaa.gov,Male,239.194.11.119
482,Ileana,Sallarie,isallariedd@ocn.ne.jp,Female,186.214.79.147
483,Flora,Gipson,fgipsonde@nasa.gov,Bigender,222.70.97.244
484,Andris,Casin,acasindf@ning.com,Male,239.73.64.229
485,Sydney,Silversmidt,ssilversmidtdg@so-net.ne.jp,Female,253.68.83.199
486,Denys,Perrin,dperrindh@newsvine.com,Male,64.137.73.109
487,Courtney,Deme,cdemedi@dagondesign.com,Non-binary,231.181.12.170
488,Nora,Simmers,nsimmersdj@baidu.com,Female,59.118.204.200
489,Jacklin,Bougen,jbougendk@reverbnation.com,Female,199.81.36.195
490,Lil,Bellson,lbellsondl@google.es,Female,139.135.211.188
491,Tymothy,Jorioz,tjoriozdm@sakura.ne.jp,Male,48.70.90.210
492,Garey,Dzenisenka,gdzenisenkadn@youtu.be,Male,169.116.20.36
493,Rance,Curley,rcurleydo@wp.com,Male,200.43.89.70
494,Roddie,Keeton,rkeetondp@chicagotribune.com,Genderqueer,169.151.160.222
495,Klemens,Mealiffe,kmealiffedq@buzzfeed.com,Non-binary,209.121.172.102
496,Tiff,Buddock,tbuddockdr@xing.com,Female,213.211.43.133
497,Dorothy,Rey,dreyds@lycos.com,Female,6.115.122.152
498,Rey,Bazoge,rbazogedt@umn.edu,Female,23.21.175.233
499,Mei,Manntschke,mmanntschkedu@nifty.com,Female,244.146.175.41
500,Niki,Burtwell,nburtwelldv@altervista.org,Male,88.205.54.225
501,Robby,Quinn,rquinndw@umich.edu,Male,38.192.103.57
502,Barnett,Binham,bbinhamdx@webnode.com,Male,56.186.243.255
503,Cecilla,Demchen,cdemchendy@squidoo.com,Female,34.181.176.153
504,Ewart,Fuggle,efuggledz@discovery.com,Male,136.75.228.141
505,Cchaddie,Mitford,cmitforde0@joomla.org,Male,211.93.213.141
506,Marti,Dyball,mdyballe1@xinhuanet.com,Female,59.254.99.137
507,Clare,Bealing,cbealinge2@microsoft.com,Male,51.243.48.212
508,Alden,Fereday,aferedaye3@earthlink.net,Male,55.98.119.155
509,Vally,Garrett,vgarrette4@xing.com,Bigender,128.62.2.53
510,Sancho,O'Clery,soclerye5@nba.com,Male,40.105.90.20
511,Pall,Lang,plange6@liveinternet.ru,Male,7.150.6.157
512,Shandra,Peacocke,speacockee7@bbc.co.uk,Genderqueer,163.126.255.46
513,Mauricio,Tills,mtillse8@nsw.gov.au,Male,171.37.238.69
514,Carlita,Goodinson,cgoodinsone9@macromedia.com,Female,45.183.40.238
515,Ralf,Perago,rperagoea@craigslist.org,Male,36.237.120.28
516,Quinlan,Vertigan,qvertiganeb@cargocollective.com,Male,237.244.173.63
517,Lu,Figg,lfiggec@vk.com,Female,72.233.46.83
518,Brynn,Tomkin,btomkined@theglobeandmail.com,Female,22.83.194.35
519,Merline,Galloway,mgallowayee@xing.com,Female,123.89.250.244
520,Merwin,Hinstock,mhinstockef@hexun.com,Male,109.215.106.159
521,Jo-ann,Guilfoyle,jguilfoyleeg@mlb.com,Female,72.26.121.85
522,Georgianna,Fazakerley,gfazakerleyeh@webeden.co.uk,Female,61.88.247.28
523,Cortney,Akred,cakredei@who.int,Female,232.159.111.244
524,Krista,Burkhill,kburkhillej@princeton.edu,Female,85.182.86.133
525,Christophorus,Bows,cbowsek@jalbum.net,Male,182.230.144.5
526,Teresa,Olsson,tolssonel@abc.net.au,Female,143.77.150.172
527,Clareta,Trinkwon,ctrinkwonem@jigsy.com,Female,184.154.41.188
528,Dennison,Jane,djaneen@sfgate.com,Male,216.53.155.223
529,Sayers,Maccrae,smaccraeeo@youtu.be,Male,248.143.92.118
530,Idell,Goundry,igoundryep@cisco.com,Female,200.20.99.121
531,Marieann,Simpson,msimpsoneq@1und1.de,Female,78.26.15.119
532,Garvey,Greaterex,ggreaterexer@myspace.com,Male,131.18.230.11
533,Dewain,Bauduin,dbauduines@usgs.gov,Male,97.45.79.68
534,Rozamond,Moffett,rmoffettet@ftc.gov,Female,11.151.209.147
535,Davidson,Coger,dcogereu@blog.com,Male,162.149.173.203
536,Krissie,Armor,karmorev@newsvine.com,Female,31.57.215.20
537,Lawry,Figgins,lfigginsew@mysql.com,Male,122.191.172.21
538,Tailor,Wogan,twoganex@sina.com.cn,Male,26.67.27.28
539,Alphonso,St Quenin,astqueniney@clickbank.net,Male,157.215.58.244
540,Hughie,Speedy,hspeedyez@ca.gov,Male,157.202.97.106
541,Keslie,Blinckhorne,kblinckhornef0@aboutads.info,Female,20.223.146.89
542,Salvador,Cashell,scashellf1@mozilla.com,Male,96.89.95.30
543,Willie,Titterrell,wtitterrellf2@pen.io,Male,250.199.18.5
544,Marge,Isley,misleyf3@dion.ne.jp,Female,141.7.166.135
545,Yulma,Blakeden,yblakedenf4@state.tx.us,Male,187.177.247.40
546,Sophie,Jewell,sjewellf5@techcrunch.com,Female,61.59.219.219
547,Cleavland,Iglesia,ciglesiaf6@uiuc.edu,Male,125.226.33.171
548,Phineas,Leathart,pleathartf7@china.com.cn,Male,81.49.129.105
549,Malissia,Iban,mibanf8@imgur.com,Female,101.133.249.108
550,Bette-ann,Succamore,bsuccamoref9@nytimes.com,Female,39.201.132.44
551,Dillon,Baumer,dbaumerfa@fema.gov,Male,39.133.155.104
552,Alfi,Drissell,adrissellfb@symantec.com,Female,71.58.91.179
553,Bibbie,Lestor,blestorfc@jimdo.com,Female,214.181.232.219
554,Pavel,Mayoral,pmayoralfd@telegraph.co.uk,Male,87.28.117.57
555,Joshuah,de Glanville,jdeglanvillefe@github.com,Male,173.99.242.114
556,Lawton,Nobriga,lnobrigaff@ibm.com,Bigender,64.221.170.234
557,Estel,Linggard,elinggardfg@about.com,Bigender,254.237.20.132
558,Aubry,Meakes,ameakesfh@shutterfly.com,Female,5.223.179.15
559,Fitzgerald,Eneas,feneasfi@lulu.com,Male,171.30.99.194
560,Cullen,Ducker,cduckerfj@webmd.com,Male,82.212.207.35
561,Lukas,Hearsum,lhearsumfk@cbsnews.com,Male,27.139.255.150
562,Hubie,Vassall,hvassallfl@cnet.com,Male,54.210.123.25
563,Ebenezer,Eversfield,eeversfieldfm@odnoklassniki.ru,Male,129.237.141.32
564,Tucker,Garvagh,tgarvaghfn@scientificamerican.com,Male,252.14.167.8
565,Marjory,Tidcombe,mtidcombefo@time.com,Female,135.228.180.163
566,Karee,Dilliston,kdillistonfp@arizona.edu,Female,76.47.138.190
567,Gerianna,Driffield,gdriffieldfq@networksolutions.com,Female,0.41.42.23
568,Theobald,Schlagh,tschlaghfr@earthlink.net,Non-binary,171.186.113.54
569,Leopold,Endon,lendonfs@reddit.com,Male,173.252.87.119
570,Janaya,Lindsley,jlindsleyft@reuters.com,Female,145.177.75.13
571,Norry,Staniford,nstanifordfu@amazon.com,Male,126.195.182.244
572,Hildegaard,Newlands,hnewlandsfv@ocn.ne.jp,Non-binary,222.189.164.154
573,Dal,Priddy,dpriddyfw@hubpages.com,Genderqueer,110.194.215.9
574,Koo,Vokes,kvokesfx@yellowpages.com,Female,197.123.174.135
575,Nickolas,Abrahmson,nabrahmsonfy@bloomberg.com,Non-binary,100.141.8.117
576,Von,Vedikhov,vvedikhovfz@youku.com,Male,140.115.144.50
577,Joye,McVittie,jmcvittieg0@wufoo.com,Female,235.216.217.146
578,Ardene,Ferrulli,aferrullig1@mlb.com,Female,117.49.169.120
579,Donall,Greste,dgresteg2@guardian.co.uk,Male,205.170.28.27
580,Yoshi,Screach,yscreachg3@disqus.com,Genderfluid,195.98.128.34
581,Stephan,Wenn,swenng4@nba.com,Male,92.26.231.235
582,Guenna,Spraberry,gspraberryg5@unblog.fr,Female,95.84.11.220
583,Tybalt,Goodisson,tgoodissong6@booking.com,Male,2.32.239.219
584,Vyky,Warton,vwartong7@un.org,Female,97.107.94.72
585,Marlon,Wolffers,mwolffersg8@wix.com,Male,220.210.193.166
586,Hilary,Veldens,hveldensg9@ihg.com,Female,13.57.111.144
587,Mallorie,Shervil,mshervilga@prlog.org,Female,55.97.68.205
588,Tobe,Smithson,tsmithsongb@wunderground.com,Female,138.27.67.24
589,Elvis,Backson,ebacksongc@jiathis.com,Male,155.21.52.170
590,Augustin,Maskew,amaskewgd@tinypic.com,Male,15.247.112.57
591,Dorene,Gownge,dgowngege@github.io,Female,88.253.79.39
592,Cindy,O'Cahill,cocahillgf@nature.com,Female,97.220.150.173
593,Zondra,Trippack,ztrippackgg@patch.com,Female,14.65.170.139
594,Yorgo,Ruhben,yruhbengh@vkontakte.ru,Male,179.71.99.109
595,Kinny,Aaron,kaarongi@chronoengine.com,Male,253.143.43.243
596,Clarisse,Boswell,cboswellgj@goo.ne.jp,Female,158.88.146.54
597,Tirrell,Kaye,tkayegk@cocolog-nifty.com,Male,112.204.245.94
598,Kellyann,Bonar,kbonargl@narod.ru,Female,188.63.53.241
599,Amaleta,Thiolier,athioliergm@over-blog.com,Female,161.97.136.153
600,Aubrey,Gamett,agamettgn@vimeo.com,Male,164.70.29.7
601,Zoe,De Andreis,zdeandreisgo@pinterest.com,Female,180.78.212.252
602,Payton,Fautley,pfautleygp@umn.edu,Male,82.167.148.19
603,Paulette,Parcells,pparcellsgq@si.edu,Genderfluid,165.124.135.37
604,Renae,Colrein,rcolreingr@va.gov,Female,93.70.14.38
605,Niel,Imm,nimmgs@mozilla.org,Male,215.110.66.183
606,Priscilla,McKag,pmckaggt@howstuffworks.com,Female,55.60.75.97
607,Ceciley,Hampson,champsongu@eepurl.com,Female,171.173.59.33
608,Ursuline,Longmuir,ulongmuirgv@stanford.edu,Female,10.239.96.36
609,Row,Hoffner,rhoffnergw@wikispaces.com,Female,178.95.51.220
610,Sheffy,Enrique,senriquegx@posterous.com,Male,28.54.216.171
611,Jewel,Blaschke,jblaschkegy@a8.net,Female,105.221.245.121
612,Kristina,Lorrie,klorriegz@pinterest.com,Female,33.184.228.40
613,Tammie,Klejna,tklejnah0@cdc.gov,Polygender,168.163.248.17
614,Salvatore,D'Enrico,sdenricoh1@ft.com,Male,48.9.85.25
615,Jany,Lazare,jlazareh2@mysql.com,Female,174.7.196.220
616,Marcie,Racine,mracineh3@deviantart.com,Non-binary,224.121.220.74
617,Joanna,Gollop,jgolloph4@indiatimes.com,Female,191.111.7.107
618,Elsie,Simms,esimmsh5@jiathis.com,Female,220.217.68.173
619,Fee,Rabat,frabath6@smugmug.com,Male,217.4.18.252
620,Jeanette,Vallow,jvallowh7@smh.com.au,Female,218.111.8.93
621,Robinia,Sunter,rsunterh8@ibm.com,Female,59.90.193.210
622,Rab,O'Dee,rodeeh9@miibeian.gov.cn,Non-binary,167.71.14.186
623,Wood,Brackpool,wbrackpoolha@livejournal.com,Male,227.142.118.178
624,Leeland,Verry,lverryhb@biglobe.ne.jp,Male,38.204.207.100
625,Arley,Janaway,ajanawayhc@barnesandnoble.com,Male,104.226.48.175
626,Avigdor,Pech,apechhd@patch.com,Polygender,242.1.115.102
627,Adara,Skirling,askirlinghe@deviantart.com,Female,252.63.232.53
628,Madelon,Lease,mleasehf@twitpic.com,Female,234.21.204.74
629,Perle,Janek,pjanekhg@answers.com,Female,25.23.26.248
630,Ara,Crome,acromehh@shutterfly.com,Male,132.44.164.7
631,Arline,Halston,ahalstonhi@ox.ac.uk,Female,215.132.115.17
632,Terrell,Stallan,tstallanhj@blogs.com,Male,111.161.45.75
633,Urson,Hackford,uhackfordhk@cbslocal.com,Male,173.104.12.189
634,Marcelia,Hansill,mhansillhl@facebook.com,Female,195.13.78.229
635,Tymon,Meiningen,tmeiningenhm@huffingtonpost.com,Male,176.20.211.186
636,Paulina,Soanes,psoaneshn@auda.org.au,Female,255.66.60.116
637,Georgine,Dahlberg,gdahlbergho@360.cn,Female,61.158.42.163
638,Ninnetta,Tuckwood,ntuckwoodhp@nymag.com,Female,126.130.116.198
639,Amelita,Gregoli,agregolihq@stanford.edu,Female,95.97.153.123
640,Aldridge,Lortzing,alortzinghr@amazon.co.jp,Agender,255.246.15.111
641,Jermain,Klejin,jklejinhs@census.gov,Genderqueer,17.79.78.185
642,Dietrich,Powney,dpowneyht@baidu.com,Male,153.65.169.91
643,Wilmar,Koppes,wkoppeshu@macromedia.com,Non-binary,85.90.158.102
644,Karolina,Panner,kpannerhv@weather.com,Female,65.254.105.118
645,Job,Quarlis,jquarlishw@prlog.org,Male,140.21.4.187
646,Lyndsay,Graysmark,lgraysmarkhx@answers.com,Female,35.47.248.6
647,Margaret,Doley,mdoleyhy@google.ca,Female,8.17.52.124
648,Gasper,Padginton,gpadgintonhz@dropbox.com,Male,199.170.187.32
649,Phillie,Bodill,pbodilli0@noaa.gov,Female,17.226.58.67
650,Sigvard,Devonish,sdevonishi1@pagesperso-orange.fr,Male,166.166.182.2
651,Sergent,Upsale,supsalei2@berkeley.edu,Male,50.32.35.19
652,Laraine,Goomes,lgoomesi3@ifeng.com,Female,104.64.154.88
653,Lucius,Tamas,ltamasi4@jiathis.com,Male,80.227.9.57
654,Ruddie,McOrkil,rmcorkili5@prnewswire.com,Male,93.254.13.137
655,Britta,Outhwaite,bouthwaitei6@cbslocal.com,Female,23.7.31.88
656,Chrissie,Brandassi,cbrandassii7@oracle.com,Female,196.233.129.137
657,Zarah,Iskowitz,ziskowitzi8@guardian.co.uk,Agender,34.65.77.116
658,Vere,Willingam,vwillingami9@bbc.co.uk,Female,97.226.163.241
659,Clarine,Atling,catlingia@sourceforge.net,Agender,5.62.194.20
660,Harcourt,Podd,hpoddib@ihg.com,Male,246.104.172.46
661,Britteny,Pasby,bpasbyic@indiatimes.com,Female,105.1.164.108
662,Yevette,Sorey,ysoreyid@topsy.com,Female,104.103.52.170
663,Elsworth,Fordy,efordyie@paypal.com,Male,96.67.17.78
664,Zed,Mortlock,zmortlockif@fema.gov,Male,217.14.183.106
665,Mirabelle,Ormerod,mormerodig@arizona.edu,Female,131.194.46.154
666,Tani,Belvard,tbelvardih@irs.gov,Female,41.102.124.33
667,Cinnamon,Inold,cinoldii@squidoo.com,Female,96.102.169.25
668,Frederick,Brafield,fbrafieldij@gov.uk,Male,48.81.212.225
669,Desmond,Emmot,demmotik@icio.us,Male,163.67.125.37
670,Tann,Braun,tbraunil@seesaa.net,Male,64.77.217.119
671,Traver,Gabites,tgabitesim@china.com.cn,Male,13.252.216.37
672,Willie,Hazeldine,whazeldinein@exblog.jp,Male,40.110.9.154
673,Barbara-anne,Jizhaki,bjizhakiio@nps.gov,Female,99.28.229.83
674,Maribel,Bonanno,mbonannoip@dell.com,Female,37.215.29.190
675,Lisetta,Lenoir,llenoiriq@jugem.jp,Female,206.68.230.99
676,Walt,Bramah,wbramahir@bigcartel.com,Male,229.223.103.207
677,Paddy,Crevy,pcrevyis@weebly.com,Male,88.195.247.221
678,Quinn,Ughini,qughiniit@mail.ru,Female,232.81.101.101
679,Mikael,Meldon,mmeldoniu@boston.com,Male,64.96.177.235
680,Van,Shalloe,vshalloeiv@paypal.com,Male,182.28.225.122
681,Abie,Jedrysik,ajedrysikiw@fastcompany.com,Male,106.221.44.183
682,Kelbee,Escot,kescotix@tripod.com,Male,160.242.235.108
683,Dore,Scorrer,dscorreriy@a8.net,Male,1.91.78.255
684,Reynold,Geely,rgeelyiz@toplist.cz,Male,230.188.178.124
685,Drusy,Blackston,dblackstonj0@icio.us,Female,226.33.35.163
686,Misty,McLafferty,mmclaffertyj1@wordpress.com,Female,63.55.247.228
687,Darya,Saddleton,dsaddletonj2@istockphoto.com,Genderfluid,233.175.102.192
688,Seline,Golthorpp,sgolthorppj3@illinois.edu,Female,37.5.44.179
689,Benedicto,Quinane,bquinanej4@harvard.edu,Male,92.132.179.202
690,Kalle,Krienke,kkrienkej5@ox.ac.uk,Male,58.157.90.68
691,Kiele,Ghelarducci,kghelarduccij6@dyndns.org,Female,161.222.237.159
692,Nathanial,Eddins,neddinsj7@hubpages.com,Genderqueer,120.114.32.187
693,Bink,McLaine,bmclainej8@discovery.com,Genderqueer,158.14.72.19
694,Miranda,Jendrusch,mjendruschj9@ning.com,Female,119.146.9.225
695,Karney,McSparran,kmcsparranja@liveinternet.ru,Male,105.20.15.157
696,Robb,Spyvye,rspyvyejb@mapy.cz,Male,130.174.5.123
697,Elva,Clotworthy,eclotworthyjc@comsenz.com,Female,146.38.110.72
698,Malynda,Stathor,mstathorjd@edublogs.org,Genderqueer,77.232.51.99
699,Nariko,Curston,ncurstonje@sfgate.com,Genderqueer,144.2.85.96
700,Hewe,Lanegran,hlanegranjf@cam.ac.uk,Bigender,198.44.97.150
701,Carissa,Cattini,ccattinijg@wunderground.com,Female,170.226.212.150
702,Evelyn,Bill,ebilljh@t-online.de,Male,48.116.197.162
703,Jenn,Eykelbosch,jeykelboschji@imgur.com,Female,65.191.29.31
704,Abbey,Garth,agarthjj@printfriendly.com,Genderqueer,18.173.181.129
705,Meade,Chotty,mchottyjk@narod.ru,Male,90.9.77.185
706,Spike,Warbey,swarbeyjl@mozilla.org,Male,201.1.64.240
707,Craggie,Kynman,ckynmanjm@hexun.com,Male,71.93.69.124
708,Julian,Grevatt,jgrevattjn@google.com.au,Male,147.57.104.75
709,Hurley,Lear,hlearjo@cmu.edu,Male,47.19.186.231
710,Clevie,Atterbury,catterburyjp@naver.com,Male,193.18.223.110
711,Cybill,Ashbee,cashbeejq@squidoo.com,Polygender,36.50.71.189
712,Mathilde,Gehrels,mgehrelsjr@123-reg.co.uk,Female,191.228.56.96
713,Gertrude,Fernao,gfernaojs@ebay.com,Female,119.33.168.99
714,Zebulon,Fenelow,zfenelowjt@unicef.org,Male,211.13.26.162
715,Gaile,Grisley,ggrisleyju@adobe.com,Male,213.82.190.181
716,Reynolds,Kunat,rkunatjv@java.com,Male,172.236.65.225
717,Tuck,Dundendale,tdundendalejw@europa.eu,Male,244.6.103.135
718,Dorothee,Jiranek,djiranekjx@weebly.com,Female,234.254.148.183
719,Martha,Batter,mbatterjy@amazon.co.uk,Female,135.149.190.206
720,Margeaux,Dewicke,mdewickejz@nps.gov,Female,29.35.176.141
721,Rheta,Fahey,rfaheyk0@t.co,Female,190.73.209.232
722,Adeline,Ricciardi,aricciardik1@bizjournals.com,Non-binary,5.151.172.26
723,Clea,Agius,cagiusk2@marriott.com,Female,53.211.110.131
724,Arabele,Caddens,acaddensk3@amazonaws.com,Female,7.209.126.47
725,Rosy,Kornilyev,rkornilyevk4@mlb.com,Female,230.76.196.235
726,Albertine,Feldhammer,afeldhammerk5@statcounter.com,Female,48.10.218.157
727,Riannon,Carles,rcarlesk6@techcrunch.com,Female,88.34.233.59
728,Constanta,Grabham,cgrabhamk7@yale.edu,Bigender,34.145.86.73
729,Milissent,Pegden,mpegdenk8@bbb.org,Female,61.160.41.140
730,Pennie,Hordle,phordlek9@businesswire.com,Female,196.175.195.2
731,Kris,Birdis,kbirdiska@cpanel.net,Female,32.181.236.130
732,Chris,Kennett,ckennettkb@feedburner.com,Male,12.165.131.230
733,Eldridge,Garretts,egarrettskc@pinterest.com,Male,111.55.210.234
734,Alf,Ganderton,agandertonkd@google.nl,Male,125.135.32.158
735,Arlina,Jackman,ajackmanke@wix.com,Female,123.76.67.70
736,Claudina,Maddin,cmaddinkf@biblegateway.com,Female,135.165.52.64
737,Lelia,Grasha,lgrashakg@stanford.edu,Female,33.2.148.81
738,Joey,Bish,jbishkh@forbes.com,Female,192.244.87.180
739,Corri,McSwan,cmcswanki@dmoz.org,Female,245.152.106.33
740,Bartel,Crownshaw,bcrownshawkj@newyorker.com,Polygender,181.170.133.240
741,Mendie,Gandey,mgandeykk@pbs.org,Male,174.154.54.42
742,Raquel,Starsmore,rstarsmorekl@lulu.com,Genderqueer,107.149.51.31
743,Meghann,Carwardine,mcarwardinekm@guardian.co.uk,Female,181.208.54.27
744,Andra,Loffhead,aloffheadkn@nytimes.com,Female,213.65.133.7
745,Goddard,Yapp,gyappko@foxnews.com,Male,35.169.251.249
746,Madelena,Yorath,myorathkp@toplist.cz,Agender,122.18.94.98
747,Kass,Joret,kjoretkq@xinhuanet.com,Genderqueer,250.97.95.222
748,Yul,Ricardin,yricardinkr@cornell.edu,Male,187.6.57.166
749,Caspar,Muskett,cmuskettks@ask.com,Male,155.1.153.92
750,Teriann,Doumic,tdoumickt@angelfire.com,Female,2.231.139.84
751,Ansel,Rydzynski,arydzynskiku@ibm.com,Male,158.182.86.220
752,Janenna,Cainey,jcaineykv@mediafire.com,Agender,113.93.179.142
753,Isidor,Mair,imairkw@wikipedia.org,Male,244.11.201.117
754,Purcell,MacCaig,pmaccaigkx@webeden.co.uk,Male,181.21.129.122
755,Farlie,Withnall,fwithnallky@mayoclinic.com,Male,44.100.203.255
756,Raff,Stefi,rstefikz@redcross.org,Male,72.129.160.159
757,Wallache,Duffree,wduffreel0@netlog.com,Male,37.228.226.252
758,Kit,Epelett,kepelettl1@spotify.com,Female,140.58.73.123
759,Duff,Pilling,dpillingl2@csmonitor.com,Male,160.5.214.158
760,Carling,Mulqueeny,cmulqueenyl3@digg.com,Male,247.27.148.153
761,Inge,Libbie,ilibbiel4@mediafire.com,Female,109.8.98.218
762,Carny,Harding,chardingl5@bluehost.com,Male,130.201.223.142
763,Jarret,Mongan,jmonganl6@msu.edu,Male,248.73.83.74
764,Georgy,Dispencer,gdispencerl7@tumblr.com,Male,45.92.89.218
765,Charla,Rymer,crymerl8@nih.gov,Female,147.84.184.175
766,Cale,Vosper,cvosperl9@wired.com,Male,25.129.91.110
767,Salaidh,Gullivan,sgullivanla@redcross.org,Female,237.187.213.219
768,Caleb,McKinstry,cmckinstrylb@istockphoto.com,Male,73.247.177.132
769,Carlita,Duff,cdufflc@ycombinator.com,Female,231.79.240.108
770,Kristy,Dudek,kdudekld@xrea.com,Female,145.38.218.71
771,Morton,Woodland,mwoodlandle@imageshack.us,Male,24.99.96.67
772,Brinn,Garahan,bgarahanlf@51.la,Female,234.163.27.97
773,Martha,Shearsby,mshearsbylg@slate.com,Polygender,125.214.34.62
774,Addi,Luberti,alubertilh@imageshack.us,Female,5.69.152.156
775,Towney,Labet,tlabetli@google.pl,Male,27.251.9.178
776,Martguerita,Volonte,mvolontelj@who.int,Female,33.184.198.109
777,Gill,Novichenko,gnovichenkolk@example.com,Female,242.125.71.44
778,Burg,Treneer,btreneerll@etsy.com,Non-binary,6.107.5.59
779,Tonye,Cacacie,tcacacielm@slate.com,Female,50.198.39.38
780,Guglielmo,O' Liddy,goliddyln@slashdot.org,Genderfluid,204.11.45.228
781,Mikol,Behnecke,mbehneckelo@wikipedia.org,Male,218.73.10.36
782,Newton,Loreit,nloreitlp@reference.com,Male,11.25.217.182
783,Norry,Carrett,ncarrettlq@alibaba.com,Bigender,114.95.224.80
784,Mariya,Wrightham,mwrighthamlr@t.co,Female,150.174.25.241
785,Barry,Charke,bcharkels@shop-pro.jp,Male,76.14.60.179
786,Vlad,Beazley,vbeazleylt@sfgate.com,Male,167.71.203.239
787,Wash,Bloodworth,wbloodworthlu@chicagotribune.com,Male,251.64.66.118
788,Devondra,Witcher,dwitcherlv@unblog.fr,Bigender,65.253.237.163
789,Goldarina,Edmonds,gedmondslw@imgur.com,Female,145.14.104.127
790,Jacquette,Carlon,jcarlonlx@dailymail.co.uk,Bigender,151.148.163.123
791,Emmye,Dorking,edorkingly@prnewswire.com,Genderfluid,158.68.142.173
792,Farlay,Charke,fcharkelz@altervista.org,Male,54.192.3.126
793,Claretta,Ransley,cransleym0@artisteer.com,Female,123.188.144.134
794,Osborn,MacCracken,omaccrackenm1@squidoo.com,Male,220.81.23.30
795,Crystie,McKay,cmckaym2@wikispaces.com,Female,134.81.62.213
796,Lorraine,Domenget,ldomengetm3@abc.net.au,Female,243.17.7.0
797,Devlen,Sextie,dsextiem4@dot.gov,Male,116.29.239.121
798,Bernete,Guilder,bguilderm5@archive.org,Female,104.144.233.33
799,Ysabel,Pettegree,ypettegreem6@mozilla.org,Female,222.210.186.19
800,Packston,Faughny,pfaughnym7@theguardian.com,Non-binary,118.137.232.91
801,Silas,Zanitti,szanittim8@moonfruit.com,Male,9.14.39.75
802,Kayle,O'Cassidy,kocassidym9@devhub.com,Female,70.146.30.143
803,Ford,Anelay,fanelayma@vkontakte.ru,Male,8.15.94.99
804,Tillie,Whiles,twhilesmb@comsenz.com,Female,217.230.229.180
805,Delmar,Benko,dbenkomc@weebly.com,Male,197.13.248.87
806,Jereme,Fozard,jfozardmd@reference.com,Male,94.60.101.4
807,Hermione,Parfett,hparfettme@home.pl,Female,80.76.238.11
808,Natty,Trevan,ntrevanmf@fda.gov,Male,156.242.143.166
809,Alida,Sibbons,asibbonsmg@opera.com,Female,65.167.198.223
810,Chrisse,Codrington,ccodringtonmh@1688.com,Bigender,155.71.146.136
811,Dierdre,Eshmade,deshmademi@businesswire.com,Female,22.222.169.191
812,Dunstan,Baldacchi,dbaldacchimj@mysql.com,Male,219.221.31.192
813,Anne-marie,Swinbourne,aswinbournemk@wikimedia.org,Female,36.124.27.254
814,Irwin,Josephs,ijosephsml@qq.com,Male,92.171.220.209
815,Natalya,Joseland,njoselandmm@theguardian.com,Female,46.65.225.183
816,Anissa,Jirsa,ajirsamn@pagesperso-orange.fr,Female,197.163.119.7
817,Tyler,Sample,tsamplemo@elegantthemes.com,Male,167.88.211.213
818,Cart,Fray,cfraymp@nih.gov,Male,19.199.188.174
819,Katey,Meere,kmeeremq@cmu.edu,Agender,84.210.19.50
820,Barnaby,Blinckhorne,bblinckhornemr@springer.com,Male,236.63.233.133
821,Burlie,Studholme,bstudholmems@archive.org,Male,223.29.206.220
822,Rebecka,Mugridge,rmugridgemt@state.tx.us,Female,114.212.109.63
823,Marilin,Larkins,mlarkinsmu@indiatimes.com,Female,220.175.160.180
824,Fremont,Hawes,fhawesmv@admin.ch,Male,135.189.209.111
825,Timoteo,Lowson,tlowsonmw@oaic.gov.au,Male,10.41.46.133
826,Ezmeralda,Oherlihy,eoherlihymx@4shared.com,Female,149.241.255.33
827,Crissy,Mulqueen,cmulqueenmy@dagondesign.com,Female,7.246.105.57
828,Karel,Oldroyde,koldroydemz@yahoo.co.jp,Male,16.71.71.110
829,Orion,Vizard,ovizardn0@ovh.net,Male,182.188.81.195
830,Mellisa,Krinks,mkrinksn1@upenn.edu,Genderqueer,203.149.52.48
831,Arvy,Havis,ahavisn2@princeton.edu,Male,81.111.31.127
832,Melvyn,Scud,mscudn3@discuz.net,Male,149.253.155.134
833,Red,McNess,rmcnessn4@wiley.com,Male,188.21.32.255
834,Syd,Davies,sdaviesn5@macromedia.com,Male,64.53.76.97
835,Benedicto,Emblem,bemblemn6@un.org,Male,30.28.180.3
836,Gilli,Garvan,ggarvann7@patch.com,Female,32.28.97.87
837,Ximenez,Abrahamsson,xabrahamssonn8@unicef.org,Male,198.58.5.225
838,Aurea,Coggon,acoggonn9@shinystat.com,Female,150.250.184.251
839,Morganne,Dannatt,mdannattna@google.com,Female,124.83.217.203
840,Tome,Probbings,tprobbingsnb@sogou.com,Male,106.101.220.131
841,Fransisco,McAlinden,fmcalindennc@topsy.com,Male,44.41.244.186
842,Kesley,Askham,kaskhamnd@moonfruit.com,Agender,143.249.176.0
843,Ninnette,Craighill,ncraighillne@cocolog-nifty.com,Female,196.26.89.159
844,Matthaeus,Ahrendsen,mahrendsennf@dagondesign.com,Male,89.78.25.116
845,Saba,Carillo,scarillong@diigo.com,Female,116.68.193.79
846,Kristan,Drohane,kdrohanenh@ft.com,Female,68.126.31.20
847,Sib,Heazel,sheazelni@dropbox.com,Female,46.197.33.63
848,Skipton,Lindbergh,slindberghnj@bbc.co.uk,Non-binary,225.165.223.252
849,Germaine,Folliott,gfolliottnk@hugedomains.com,Male,59.104.0.212
850,North,Birtwhistle,nbirtwhistlenl@cnn.com,Male,166.25.6.102
851,Adler,Guiton,aguitonnm@sogou.com,Male,41.111.148.141
852,Jecho,Helis,jhelisnn@cdc.gov,Male,214.219.83.177
853,Avigdor,Spindler,aspindlerno@flavors.me,Male,176.200.206.181
854,Weider,Outhwaite,wouthwaitenp@nymag.com,Male,162.238.112.91
855,Irena,Dorrell,idorrellnq@sina.com.cn,Female,160.32.152.62
856,Nedda,McGraith,nmcgraithnr@go.com,Female,133.250.174.213
857,Paola,Aimable,paimablens@newsvine.com,Female,95.204.101.100
858,Aluino,Axel,aaxelnt@opera.com,Polygender,105.218.150.250
859,Oswell,Ciotti,ociottinu@blogger.com,Male,234.130.12.39
860,Ty,Lummis,tlummisnv@mapy.cz,Agender,84.88.230.87
861,Axe,Poyser,apoysernw@thetimes.co.uk,Male,69.190.119.224
862,Onfre,Ruddy,oruddynx@mapquest.com,Male,183.180.140.48
863,Bayard,Copping,bcoppingny@si.edu,Male,65.131.118.154
864,Zita,Grosvenor,zgrosvenornz@yellowbook.com,Female,13.200.189.86
865,Elsinore,Mabb,emabbo0@google.com.au,Female,195.67.22.49
866,Austin,MacShirie,amacshirieo1@ycombinator.com,Male,166.185.167.167
867,Ranna,Sherington,rsheringtono2@theguardian.com,Female,182.143.167.180
868,Bearnard,Holsall,bholsallo3@google.de,Male,43.39.127.125
869,Martica,Imore,mimoreo4@ehow.com,Female,123.107.197.212
870,Theadora,Grindall,tgrindallo5@multiply.com,Female,90.133.38.48
871,Eddie,Thridgould,ethridgouldo6@comcast.net,Male,224.65.235.103
872,Linnie,Ambrogi,lambrogio7@uol.com.br,Female,219.209.90.100
873,Corette,Aulds,cauldso8@sbwire.com,Female,10.22.12.187
874,Annelise,Samms,asammso9@irs.gov,Female,70.222.228.50
875,Beatriz,Abbie,babbieoa@storify.com,Female,94.208.224.157
876,Olav,Coxon,ocoxonob@miibeian.gov.cn,Male,21.231.82.116
877,Blinnie,Brunner,bbrunneroc@myspace.com,Female,185.41.53.70
878,Dolf,Kaesmakers,dkaesmakersod@domainmarket.com,Genderfluid,16.14.150.200
879,Bengt,Loomes,bloomesoe@webs.com,Male,127.83.239.37
880,Randell,Ravenhills,rravenhillsof@domainmarket.com,Male,212.113.198.43
881,Gaby,Persse,gpersseog@umich.edu,Male,157.63.86.112
882,Rob,Andover,randoveroh@seattletimes.com,Male,17.81.86.190
883,Rosella,Kocher,rkocheroi@list-manage.com,Female,212.218.174.91
884,Linc,Gayter,lgayteroj@altervista.org,Male,0.61.26.196
885,Reginauld,Strass,rstrassok@delicious.com,Male,199.134.169.74
886,Burke,Craiker,bcraikerol@cam.ac.uk,Genderqueer,109.38.239.3
887,Verile,Showell,vshowellom@chicagotribune.com,Female,97.19.232.148
888,Phebe,Riep,priepon@plala.or.jp,Female,223.100.157.63
889,Udall,Stutard,ustutardoo@patch.com,Male,120.136.124.10
890,Maury,Easum,measumop@huffingtonpost.com,Male,29.195.199.82
891,Verna,Game,vgameoq@github.com,Non-binary,10.53.229.97
892,Philippine,Wittier,pwittieror@1688.com,Female,67.246.208.232
893,Ulrike,Lampett,ulampettos@go.com,Female,237.205.222.176
894,Benjamen,Peacock,bpeacockot@reddit.com,Male,84.235.222.162
895,Gerald,Stanyan,gstanyanou@webeden.co.uk,Male,218.77.73.110
896,Baxter,Sheehy,bsheehyov@ucla.edu,Bigender,54.227.117.162
897,Pren,Pynn,ppynnow@reference.com,Male,207.111.36.181
898,Adrianna,Mandres,amandresox@spotify.com,Female,245.192.26.123
899,Noe,Heeley,nheeleyoy@tmall.com,Male,68.152.120.127
900,Drucill,Geake,dgeakeoz@bluehost.com,Female,190.184.116.255
901,Winston,Orable,worablep0@google.es,Male,134.124.225.62
902,Kurt,Cursons,kcursonsp1@nbcnews.com,Male,2.208.52.64
903,Kinny,Harring,kharringp2@gmpg.org,Male,207.7.30.7
904,Laurens,Yankishin,lyankishinp3@google.es,Male,136.173.31.187
905,Klemens,Erlam,kerlamp4@dailymotion.com,Male,104.139.117.83
906,Laryssa,Garrod,lgarrodp5@merriam-webster.com,Female,152.232.28.213
907,Doris,Thurlby,dthurlbyp6@amazon.de,Female,251.89.194.113
908,Will,Dainter,wdainterp7@globo.com,Male,254.45.116.104
909,Briana,Nossent,bnossentp8@feedburner.com,Female,241.222.44.77
910,Howard,Cleugher,hcleugherp9@go.com,Male,18.132.186.166
911,Tildi,Merigon,tmerigonpa@hc360.com,Female,152.109.14.184
912,Clementina,Abbiss,cabbisspb@globo.com,Female,247.84.38.164
913,Bax,Gadeaux,bgadeauxpc@51.la,Male,12.189.41.220
914,Isabelita,Minichillo,iminichillopd@amazonaws.com,Female,0.130.40.205
915,Parnell,Griffiths,pgriffithspe@reference.com,Male,82.183.235.53
916,Annie,Armatys,aarmatyspf@photobucket.com,Female,86.202.165.63
917,Gan,Gniewosz,ggniewoszpg@dropbox.com,Male,48.181.48.226
918,Sosanna,Grout,sgroutph@bloomberg.com,Female,165.36.70.0
919,Lorettalorna,Motherwell,lmotherwellpi@ebay.co.uk,Female,31.49.206.62
920,Bonnee,Domerque,bdomerquepj@constantcontact.com,Female,230.127.19.89
921,Nicky,Dahlberg,ndahlbergpk@nifty.com,Male,252.43.28.109
922,Artair,Ambrosetti,aambrosettipl@google.co.jp,Male,252.112.32.178
923,Dareen,Deacock,ddeacockpm@stanford.edu,Female,80.42.6.97
924,Tawnya,Noyce,tnoycepn@jimdo.com,Female,128.97.200.252
925,Arly,McGinney,amcginneypo@mozilla.org,Female,83.156.89.222
926,Ulla,Jendrach,ujendrachpp@amazon.co.uk,Female,223.196.246.81
927,Maribelle,Boerder,mboerderpq@cafepress.com,Female,13.236.236.232
928,Kandace,Looker,klookerpr@elpais.com,Female,203.131.2.54
929,Kimble,Takos,ktakosps@imgur.com,Male,212.86.175.190
930,Bessy,Philcox,bphilcoxpt@wikipedia.org,Female,226.236.204.66
931,Orazio,Eakley,oeakleypu@google.com.au,Male,141.9.166.178
932,Kristo,Purches,kpurchespv@elegantthemes.com,Male,114.94.87.15
933,Mathilda,Laurie,mlauriepw@ocn.ne.jp,Female,29.65.175.206
934,Miriam,Daouze,mdaouzepx@mail.ru,Female,19.162.59.105
935,Orella,Lenin,oleninpy@who.int,Genderqueer,138.110.241.159
936,Leandra,Mateos,lmateospz@unesco.org,Female,142.156.50.145
937,Clayborn,Suett,csuettq0@ucsd.edu,Male,15.126.104.142
938,Kris,Lecky,kleckyq1@harvard.edu,Male,123.159.224.119
939,Caterina,Fellow,cfellowq2@soup.io,Female,46.137.10.68
940,Brett,Hyman,bhymanq3@miitbeian.gov.cn,Female,134.86.8.241
941,Arch,Andrzej,aandrzejq4@google.com.br,Male,49.156.193.193
942,Quinn,Domenc,qdomencq5@arstechnica.com,Male,6.105.140.93
943,Carma,Fredi,cfrediq6@rediff.com,Female,202.114.240.124
944,Falkner,Iannetti,fiannettiq7@shop-pro.jp,Male,97.96.25.63
945,Aurthur,Rameau,arameauq8@cbc.ca,Male,142.87.107.240
946,Trip,Myrkus,tmyrkusq9@flavors.me,Male,243.240.109.52
947,Barde,Odgers,bodgersqa@sfgate.com,Male,48.100.70.36
948,Coop,Sunderland,csunderlandqb@zdnet.com,Male,136.157.240.94
949,Gabriello,Rumble,grumbleqc@google.es,Male,218.166.104.58
950,Chadd,Swyer-Sexey,cswyersexeyqd@wp.com,Male,114.233.168.3
951,Avigdor,Chastel,achastelqe@cornell.edu,Male,247.245.68.243
952,Ammamaria,Meneo,ameneoqf@examiner.com,Female,111.16.99.74
953,Amelia,Enga,aengaqg@dmoz.org,Female,121.25.244.209
954,Hagen,Kenworthy,hkenworthyqh@freewebs.com,Male,110.226.210.198
955,Kylie,Shiers,kshiersqi@hhs.gov,Female,214.34.154.13
956,Tiffani,Bisset,tbissetqj@cnbc.com,Female,9.153.147.156
957,Catlin,Bazley,cbazleyqk@biglobe.ne.jp,Female,24.35.80.118
958,Robers,McKmurrie,rmckmurrieql@intel.com,Male,117.105.24.61
959,Rhett,Brinklow,rbrinklowqm@webmd.com,Male,52.61.75.201
960,Gilberto,Fardo,gfardoqn@salon.com,Genderfluid,239.136.99.151
961,Cy,Hinstock,chinstockqo@nyu.edu,Genderfluid,123.79.93.72
962,Randie,Tomkies,rtomkiesqp@trellian.com,Female,64.221.243.84
963,Darell,Currm,dcurrmqq@springer.com,Female,172.202.166.126
964,Earl,Ryton,erytonqr@youku.com,Male,129.91.166.28
965,Dulci,Freckingham,dfreckinghamqs@seattletimes.com,Female,60.0.225.15
966,Clay,Arnald,carnaldqt@unicef.org,Male,22.195.117.108
967,Taber,Cadany,tcadanyqu@archive.org,Male,134.144.207.42
968,Cookie,Mushawe,cmushaweqv@who.int,Female,76.166.190.47
969,Byran,Cheales,bchealesqw@booking.com,Male,171.254.14.42
970,Dulcinea,Brentnall,dbrentnallqx@gmpg.org,Female,151.163.214.227
971,Duff,Beagan,dbeaganqy@cam.ac.uk,Male,6.54.219.144
972,Danita,Maxwale,dmaxwaleqz@zdnet.com,Female,169.164.84.52
973,Martin,Olligan,molliganr0@jiathis.com,Male,104.80.48.118
974,Clementine,Jakobssen,cjakobssenr1@surveymonkey.com,Female,175.14.237.127
975,Evin,Mazdon,emazdonr2@bigcartel.com,Male,239.7.68.4
976,Kathrine,Kelle,kkeller3@pcworld.com,Female,141.11.214.217
977,Sean,Lehr,slehrr4@mail.ru,Female,100.52.7.135
978,Claretta,O' Mullane,comullaner5@dot.gov,Female,111.47.193.143
979,Tiffanie,Eilles,teillesr6@stumbleupon.com,Female,14.161.1.47
980,Rriocard,Lambrick,rlambrickr7@mtv.com,Polygender,106.40.206.194
981,Huberto,Terrans,hterransr8@usda.gov,Male,130.12.143.242
982,Myca,Piperley,mpiperleyr9@sakura.ne.jp,Male,68.25.182.254
983,Cahra,Carlesso,ccarlessora@forbes.com,Female,45.216.156.94
984,Norton,Oakenford,noakenfordrb@cargocollective.com,Male,153.207.72.118
985,Kaylyn,Roscoe,kroscoerc@msn.com,Female,136.210.150.231
986,Erroll,Snelman,esnelmanrd@elpais.com,Male,138.80.215.252
987,Quill,Dammarell,qdammarellre@dmoz.org,Male,218.22.67.249
988,Alphonso,Abramovic,aabramovicrf@unesco.org,Male,55.24.157.136
989,Leonie,Prahl,lprahlrg@elegantthemes.com,Female,210.52.240.59
990,Alyce,Buckett,abuckettrh@examiner.com,Female,54.11.103.52
991,Izaak,Akast,iakastri@google.cn,Male,229.185.25.170
992,Burgess,Pitrollo,bpitrollorj@digg.com,Male,3.86.249.155
993,Tamra,Wrassell,twrassellrk@quantcast.com,Female,128.252.169.225
994,Maddie,Lillistone,mlillistonerl@state.tx.us,Female,187.186.228.227
995,Deidre,Fanthom,dfanthomrm@reddit.com,Female,48.171.116.130
996,Tish,Dudmesh,tdudmeshrn@theatlantic.com,Bigender,249.25.213.244
997,Aloysia,Snedden,asneddenro@sourceforge.net,Female,61.136.86.128
998,Stanislaus,Etty,settyrp@yelp.com,Male,236.97.188.111
999,Artemas,Schrir,aschrirrq@go.com,Non-binary,72.228.171.1
1000,Isaiah,Baumann,ibaumannrr@aol.com,Male,117.209.245.112
